sample_key,metal,cps,rsd,type,site,analyst,mass_of_soil,total_volume,concentration
10,Cr53,0.270455082534076,0.270455082534076,Sample,F,CYT,1.4935,46,NA
10,Pb208,0.46006646091543274,0.46006646091543274,Sample,F,CYT,1.4935,46,NA
10,As75,0.03891164482990855,0.03891164482990855,Sample,F,CYT,1.4935,46,NA
10,Cd111,16.132454839900056,16.132454839900056,Sample,F,CYT,1.4935,46,NA
10,Cr52,0.481161667848264,0.481161667848264,Sample,F,CYT,1.4935,46,NA
10,Cd114,0.7157805489084139,0.7157805489084139,Sample,F,CYT,1.4935,46,NA
11,Pb208,4.2927019952297325,4.2927019952297325,Sample,MB,CYT,0,46,NA
11,Cr52,0.7325036825336214,0.7325036825336214,Sample,MB,CYT,0,46,NA
11,Cr53,2.2174624103315637,2.2174624103315637,Sample,MB,CYT,0,46,NA
11,Cd114,10.19048632165063,10.19048632165063,Sample,MB,CYT,0,46,NA
11,Cd111,58.98499345785429,58.98499345785429,Sample,MB,CYT,0,46,NA
11,As75,12.358968535155968,12.358968535155968,Sample,MB,CYT,0,46,NA
12,As75,1.6202198480179595,1.6202198480179595,Sample,F,DJHR,1.516,43,NA
12,Cr52,0.49184790704039244,0.49184790704039244,Sample,F,DJHR,1.516,43,NA
12,Cd111,9.74068479994447,9.74068479994447,Sample,F,DJHR,1.516,43,NA
12,Pb208,0.3809411680008159,0.3809411680008159,Sample,F,DJHR,1.516,43,NA
12,Cd114,3.060271489309306,3.060271489309306,Sample,F,DJHR,1.516,43,NA
12,Cr53,0.42742859306819486,0.42742859306819486,Sample,F,DJHR,1.516,43,NA
13,Pb208,5.994089551561836,5.994089551561836,Sample,QC,DJHR,1.4923,43,NA
13,Cd114,2.9594399274392287,2.9594399274392287,Sample,QC,DJHR,1.4923,43,NA
13,Cr53,1.0483816717650272,1.0483816717650272,Sample,QC,DJHR,1.4923,43,NA
13,Cd111,8.87057036083721,8.87057036083721,Sample,QC,DJHR,1.4923,43,NA
13,Cr52,1.7402020178250321,1.7402020178250321,Sample,QC,DJHR,1.4923,43,NA
13,As75,5.502681861204642,5.502681861204642,Sample,QC,DJHR,1.4923,43,NA
14,Pb208,0.34797459108856127,0.34797459108856127,Sample,D,CAG,1.50621,50,NA
14,Cr52,0.22921519254758543,0.22921519254758543,Sample,D,CAG,1.50621,50,NA
14,As75,0.6592277700343527,0.6592277700343527,Sample,D,CAG,1.50621,50,NA
14,Cd111,3.3007047249540555,3.3007047249540555,Sample,D,CAG,1.50621,50,NA
14,Cr53,0.1973868351231979,0.1973868351231979,Sample,D,CAG,1.50621,50,NA
14,Cd114,1.5884949040345917,1.5884949040345917,Sample,D,CAG,1.50621,50,NA
15,Cd114,0.24898281561564498,0.24898281561564498,Sample,QC,CAG,1.48989,50,NA
15,Cr52,0.5339989276839429,0.5339989276839429,Sample,QC,CAG,1.48989,50,NA
15,Pb208,0.5504154826020128,0.5504154826020128,Sample,QC,CAG,1.48989,50,NA
15,Cd111,1.4650964321867292,1.4650964321867292,Sample,QC,CAG,1.48989,50,NA
15,Cr53,0.21456111281956702,0.21456111281956702,Sample,QC,CAG,1.48989,50,NA
15,As75,0.32043926232191183,0.32043926232191183,Sample,QC,CAG,1.48989,50,NA
16,Cr52,0.9276042640048392,0.9276042640048392,Sample,F,JHV,1.5063,45,NA
16,Pb208,0.8670164283945605,0.8670164283945605,Sample,F,JHV,1.5063,45,NA
16,Cd111,5.748604469248339,5.748604469248339,Sample,F,JHV,1.5063,45,NA
16,As75,0.14047639918137678,0.14047639918137678,Sample,F,JHV,1.5063,45,NA
16,Cd114,3.0523153789822755,3.0523153789822755,Sample,F,JHV,1.5063,45,NA
16,Cr53,0.443390039235114,0.443390039235114,Sample,F,JHV,1.5063,45,NA
17,Cr52,1.4419849057817269,1.4419849057817269,Sample,QC,JHV,1.5236,45,NA
17,Cd114,0.7810791307619059,0.7810791307619059,Sample,QC,JHV,1.5236,45,NA
17,Cr53,0.8363910284155783,0.8363910284155783,Sample,QC,JHV,1.5236,45,NA
17,Cd111,3.2129740142921444,3.2129740142921444,Sample,QC,JHV,1.5236,45,NA
17,Pb208,0.9560747802025451,0.9560747802025451,Sample,QC,JHV,1.5236,45,NA
17,As75,1.0776074681317547,1.0776074681317547,Sample,QC,JHV,1.5236,45,NA
18,Cr52,1.9797606363043565,1.9797606363043565,Sample,D,SJB,1.55,45,NA
18,Cd114,2.0662159625721106,2.0662159625721106,Sample,D,SJB,1.55,45,NA
18,As75,1.8608666904660383,1.8608666904660383,Sample,D,SJB,1.55,45,NA
18,Cd111,24.944643559848572,24.944643559848572,Sample,D,SJB,1.55,45,NA
18,Cr53,1.62596927671482,1.62596927671482,Sample,D,SJB,1.55,45,NA
18,Pb208,0.5295543938450914,0.5295543938450914,Sample,D,SJB,1.55,45,NA
19,Cr52,0.25619259562006486,0.25619259562006486,Sample,QC,SJB,1.53,45,NA
19,Cr53,0.060660682374265106,0.060660682374265106,Sample,QC,SJB,1.53,45,NA
19,As75,0.526068181384637,0.526068181384637,Sample,QC,SJB,1.53,45,NA
19,Pb208,0.3555190214412193,0.3555190214412193,Sample,QC,SJB,1.53,45,NA
19,Cd114,0.20390241255588223,0.20390241255588223,Sample,QC,SJB,1.53,45,NA
19,Cd111,2.139976303454479,2.139976303454479,Sample,QC,SJB,1.53,45,NA
20,As75,1.4037585528851302,1.4037585528851302,Sample,MB,MD,0,50,NA
20,Cr53,3.3384708573565334,3.3384708573565334,Sample,MB,MD,0,50,NA
20,Cd111,29.705530634001395,29.705530634001395,Sample,MB,MD,0,50,NA
20,Cd114,13.21594936043215,13.21594936043215,Sample,MB,MD,0,50,NA
20,Pb208,5.478779379107348,5.478779379107348,Sample,MB,MD,0,50,NA
20,Cr52,3.295939501795508,3.295939501795508,Sample,MB,MD,0,50,NA
21,Cr53,0.8263635688078975,0.8263635688078975,Sample,D,MD,1.5756,50,NA
21,As75,2.0051319723937326,2.0051319723937326,Sample,D,MD,1.5756,50,NA
21,Cd111,18.818061877683178,18.818061877683178,Sample,D,MD,1.5756,50,NA
21,Cd114,2.1912961744599393,2.1912961744599393,Sample,D,MD,1.5756,50,NA
21,Cr52,0.873137914741284,0.873137914741284,Sample,D,MD,1.5756,50,NA
21,Pb208,0.6922610734701623,0.6922610734701623,Sample,D,MD,1.5756,50,NA
22,Pb208,0.332180302465144,0.332180302465144,Sample,E,SEP,1.6,44,NA
22,Cd111,3.9516307982289347,3.9516307982289347,Sample,E,SEP,1.6,44,NA
22,Cr53,0.2252131184017103,0.2252131184017103,Sample,E,SEP,1.6,44,NA
22,As75,0.6732452635711145,0.6732452635711145,Sample,E,SEP,1.6,44,NA
22,Cr52,0.42629121732454245,0.42629121732454245,Sample,E,SEP,1.6,44,NA
22,Cd114,0.6765085428841812,0.6765085428841812,Sample,E,SEP,1.6,44,NA
23,Cr53,0.8623979071653001,0.8623979071653001,Sample,QC,SEP,1.0136,42.5,NA
23,Cd111,5.291965065325624,5.291965065325624,Sample,QC,SEP,1.0136,42.5,NA
23,Cd114,1.29409283551852,1.29409283551852,Sample,QC,SEP,1.0136,42.5,NA
23,Cr52,0.6404132133992398,0.6404132133992398,Sample,QC,SEP,1.0136,42.5,NA
23,Pb208,1.6838987901106401,1.6838987901106401,Sample,QC,SEP,1.0136,42.5,NA
23,As75,0.16340584529790503,0.16340584529790503,Sample,QC,SEP,1.0136,42.5,NA
24,As75,1.0915548028088584,1.0915548028088584,Sample,C,SGB,1.5074,44,NA
24,Cr53,0.3037066695480721,0.3037066695480721,Sample,C,SGB,1.5074,44,NA
24,Cd111,6.933575037908308,6.933575037908308,Sample,C,SGB,1.5074,44,NA
24,Cr52,0.820293168725004,0.820293168725004,Sample,C,SGB,1.5074,44,NA
24,Pb208,0.6573722015270388,0.6573722015270388,Sample,C,SGB,1.5074,44,NA
24,Cd114,1.0085229221540954,1.0085229221540954,Sample,C,SGB,1.5074,44,NA
25,Cd111,7.590293562249858,7.590293562249858,Sample,MB,SGB,0,44.5,NA
25,As75,2.872764390002123,2.872764390002123,Sample,MB,SGB,0,44.5,NA
25,Cr52,1.5928197189139026,1.5928197189139026,Sample,MB,SGB,0,44.5,NA
25,Cd114,0.2552627457552763,0.2552627457552763,Sample,MB,SGB,0,44.5,NA
25,Cr53,1.0742020442653988,1.0742020442653988,Sample,MB,SGB,0,44.5,NA
25,Pb208,1.4815092532074932,1.4815092532074932,Sample,MB,SGB,0,44.5,NA
26,Cd114,0.6944213998313468,0.6944213998313468,Sample,C,AWB,1.5115,42.5,NA
26,Pb208,1.0477874565333323,1.0477874565333323,Sample,C,AWB,1.5115,42.5,NA
26,Cd111,6.739735185788077,6.739735185788077,Sample,C,AWB,1.5115,42.5,NA
26,Cr52,1.1854540616808449,1.1854540616808449,Sample,C,AWB,1.5115,42.5,NA
26,As75,2.469069093468241,2.469069093468241,Sample,C,AWB,1.5115,42.5,NA
26,Cr53,0.9227384216869083,0.9227384216869083,Sample,C,AWB,1.5115,42.5,NA
27,Cd114,0.1518405635674751,0.1518405635674751,Sample,QC,AWB,1.5794,43.5,NA
27,Cr52,0.1841292992251885,0.1841292992251885,Sample,QC,AWB,1.5794,43.5,NA
27,Cr53,0.1865632925085525,0.1865632925085525,Sample,QC,AWB,1.5794,43.5,NA
27,Cd111,2.383882023969069,2.383882023969069,Sample,QC,AWB,1.5794,43.5,NA
27,Pb208,0.6882916270251125,0.6882916270251125,Sample,QC,AWB,1.5794,43.5,NA
27,As75,0.4862113426142131,0.4862113426142131,Sample,QC,AWB,1.5794,43.5,NA
38,Cd111,11.41123331294302,11.41123331294302,Sample,C,GB,1.5127,50,NA
38,As75,2.14977951757882,2.14977951757882,Sample,C,GB,1.5127,50,NA
38,Cr52,0.4330725282321121,0.4330725282321121,Sample,C,GB,1.5127,50,NA
38,Cr53,0.7754843467695096,0.7754843467695096,Sample,C,GB,1.5127,50,NA
38,Pb208,0.5338269156437079,0.5338269156437079,Sample,C,GB,1.5127,50,NA
38,Cd114,1.8256205907483267,1.8256205907483267,Sample,C,GB,1.5127,50,NA
39,As75,2.589726757030143,2.589726757030143,Sample,QC,GB,1.5554,45,NA
39,Pb208,1.44802631975712,1.44802631975712,Sample,QC,GB,1.5554,45,NA
39,Cr52,0.7893472428628588,0.7893472428628588,Sample,QC,GB,1.5554,45,NA
39,Cd114,1.8919202436895934,1.8919202436895934,Sample,QC,GB,1.5554,45,NA
39,Cd111,3.5950396290358433,3.5950396290358433,Sample,QC,GB,1.5554,45,NA
39,Cr53,0.4960326399524479,0.4960326399524479,Sample,QC,GB,1.5554,45,NA
40,As75,1.0422642059006466,1.0422642059006466,Sample,B,AB,1.5378,50,NA
40,Cd111,6.1674951326563985,6.1674951326563985,Sample,B,AB,1.5378,50,NA
40,Cr53,0.2918004027343328,0.2918004027343328,Sample,B,AB,1.5378,50,NA
40,Cr52,0.5709361214505362,0.5709361214505362,Sample,B,AB,1.5378,50,NA
40,Pb208,0.737673720847861,0.737673720847861,Sample,B,AB,1.5378,50,NA
40,Cd114,0.36251700843696566,0.36251700843696566,Sample,B,AB,1.5378,50,NA
41,As75,2.04705303154533,2.04705303154533,Sample,B,LF,1.4587,45,NA
41,Pb208,2.8564569933337305,2.8564569933337305,Sample,B,LF,1.4587,45,NA
41,Cd111,17.99395249349354,17.99395249349354,Sample,B,LF,1.4587,45,NA
41,Cr53,0.9374290314665403,0.9374290314665403,Sample,B,LF,1.4587,45,NA
41,Cd114,2.2963985104035616,2.2963985104035616,Sample,B,LF,1.4587,45,NA
41,Cr52,1.0816089435285734,1.0816089435285734,Sample,B,LF,1.4587,45,NA
42,Pb208,12.083000091446348,12.083000091446348,Sample,MB,LF,0,45,NA
42,As75,6.579594129300141,6.579594129300141,Sample,MB,LF,0,45,NA
42,Cd114,19.143091866640898,19.143091866640898,Sample,MB,LF,0,45,NA
42,Cd111,79.48387173710344,79.48387173710344,Sample,MB,LF,0,45,NA
42,Cr52,2.7390194484714474,2.7390194484714474,Sample,MB,LF,0,45,NA
42,Cr53,5.244436569919184,5.244436569919184,Sample,MB,LF,0,45,NA
43,Pb208,1.1741614625124197,1.1741614625124197,Sample,MB,AB,0,45,NA
43,Cr53,1.5400653730981828,1.5400653730981828,Sample,MB,AB,0,45,NA
43,Cd114,8.620045219792576,8.620045219792576,Sample,MB,AB,0,45,NA
43,Cd111,18.617526879071985,18.617526879071985,Sample,MB,AB,0,45,NA
43,Cr52,1.0849816352760353,1.0849816352760353,Sample,MB,AB,0,45,NA
43,As75,1.1060597577837157,1.1060597577837157,Sample,MB,AB,0,45,NA
44,Cr53,0.20627706599729387,0.20627706599729387,Sample,QC,KAD,1.5598,50,NA
44,Cr52,0.5366781321317834,0.5366781321317834,Sample,QC,KAD,1.5598,50,NA
44,Cd111,2.421752441189283,2.421752441189283,Sample,QC,KAD,1.5598,50,NA
44,As75,0.7441657260291037,0.7441657260291037,Sample,QC,KAD,1.5598,50,NA
44,Pb208,0.07072946860958046,0.07072946860958046,Sample,QC,KAD,1.5598,50,NA
44,Cd114,0.9381956396575869,0.9381956396575869,Sample,QC,KAD,1.5598,50,NA
45,Pb208,2.3310540710484355,2.3310540710484355,Sample,B,KAD,1.54,45,NA
45,As75,2.5437657013887733,2.5437657013887733,Sample,B,KAD,1.54,45,NA
45,Cr53,1.055674577529032,1.055674577529032,Sample,B,KAD,1.54,45,NA
45,Cd114,4.152660035186271,4.152660035186271,Sample,B,KAD,1.54,45,NA
45,Cr52,0.48220846870516926,0.48220846870516926,Sample,B,KAD,1.54,45,NA
45,Cd111,90.2777640472874,90.2777640472874,Sample,B,KAD,1.54,45,NA
46,Cd111,13.230897770556389,13.230897770556389,Sample,A,LML,1.57641,43,NA
46,Cr53,0.5341510426670103,0.5341510426670103,Sample,A,LML,1.57641,43,NA
46,Cd114,2.6748637113628497,2.6748637113628497,Sample,A,LML,1.57641,43,NA
46,As75,2.2142863042923846,2.2142863042923846,Sample,A,LML,1.57641,43,NA
46,Cr52,0.7274173846502897,0.7274173846502897,Sample,A,LML,1.57641,43,NA
46,Pb208,0.4836097184036466,0.4836097184036466,Sample,A,LML,1.57641,43,NA
47,As75,0.619550393233227,0.619550393233227,Sample,QC,LML,1.54717,43,NA
47,Cr53,2.1957725842863325,2.1957725842863325,Sample,QC,LML,1.54717,43,NA
47,Cd111,5.131557716641799,5.131557716641799,Sample,QC,LML,1.54717,43,NA
47,Cr52,0.8095167634282815,0.8095167634282815,Sample,QC,LML,1.54717,43,NA
47,Pb208,1.613256368756449,1.613256368756449,Sample,QC,LML,1.54717,43,NA
47,Cd114,1.0459201297188583,1.0459201297188583,Sample,QC,LML,1.54717,43,NA
48,Cd111,5.089824386439601,5.089824386439601,Sample,A,AH,1.5,43.7,NA
48,Cr53,0.13412885299012475,0.13412885299012475,Sample,A,AH,1.5,43.7,NA
48,As75,2.1904143525929425,2.1904143525929425,Sample,A,AH,1.5,43.7,NA
48,Cd114,2.461396739753552,2.461396739753552,Sample,A,AH,1.5,43.7,NA
48,Pb208,0.7618224580645218,0.7618224580645218,Sample,A,AH,1.5,43.7,NA
48,Cr52,0.4888681095927271,0.4888681095927271,Sample,A,AH,1.5,43.7,NA
49,Cd114,2.8110216450551886,2.8110216450551886,Sample,MB,AH,0,45,NA
49,Cd111,30.37142529100224,30.37142529100224,Sample,MB,AH,0,45,NA
49,Pb208,2.863112819632985,2.863112819632985,Sample,MB,AH,0,45,NA
49,Cr52,0.9941125242351841,0.9941125242351841,Sample,MB,AH,0,45,NA
49,As75,1.0628999097220138,1.0628999097220138,Sample,MB,AH,0,45,NA
49,Cr53,0.6692004029569079,0.6692004029569079,Sample,MB,AH,0,45,NA
50,Cd111,4.936546728329331,4.936546728329331,Sample,MB,LG,0,45.2,NA
50,As75,0.5270245808581416,0.5270245808581416,Sample,MB,LG,0,45.2,NA
50,Cr52,0.11101026811859425,0.11101026811859425,Sample,MB,LG,0,45.2,NA
50,Cd114,1.2435109926391024,1.2435109926391024,Sample,MB,LG,0,45.2,NA
50,Cr53,0.22218481487640532,0.22218481487640532,Sample,MB,LG,0,45.2,NA
50,Pb208,0.8971981079293833,0.8971981079293833,Sample,MB,LG,0,45.2,NA
51,Pb208,1.4937290056932504,1.4937290056932504,Sample,C,LG,1.5038,45,NA
51,Cr52,2.4309533284654328,2.4309533284654328,Sample,C,LG,1.5038,45,NA
51,Cd114,4.230733533118061,4.230733533118061,Sample,C,LG,1.5038,45,NA
51,Cr53,0.08086867870390896,0.08086867870390896,Sample,C,LG,1.5038,45,NA
51,Cd111,30.372158188641666,30.372158188641666,Sample,C,LG,1.5038,45,NA
51,As75,5.849559593924232,5.849559593924232,Sample,C,LG,1.5038,45,NA
52,As75,0.2857142857142857,0.2857142857142857,Sample,B,MF,1.4581,18,NA
52,Cd111,3.0476190476190474,3.0476190476190474,Sample,B,MF,1.4581,18,NA
52,Cr52,0.47619047619047616,0.47619047619047616,Sample,B,MF,1.4581,18,NA
52,Cd114,0.38095238095238093,0.38095238095238093,Sample,B,MF,1.4581,18,NA
52,Cr53,0.23809523809523808,0.23809523809523808,Sample,B,MF,1.4581,18,NA
52,Pb208,0.5238095238095238,0.5238095238095238,Sample,B,MF,1.4581,18,NA
53,Cd111,1.4666666666666668,1.4666666666666668,Sample,QC,MF,1.5916,22,NA
53,Cd114,0.3333333333333333,0.3333333333333333,Sample,QC,MF,1.5916,22,NA
53,As75,0.3333333333333333,0.3333333333333333,Sample,QC,MF,1.5916,22,NA
53,Pb208,0.6666666666666666,0.6666666666666666,Sample,QC,MF,1.5916,22,NA
53,Cr53,0.4666666666666666,0.4666666666666666,Sample,QC,MF,1.5916,22,NA
53,Cr52,0.39999999999999997,0.39999999999999997,Sample,QC,MF,1.5916,22,NA
54,Cr53,0.5,0.5,Sample,A,LAK,1.5235,40,NA
54,Pb208,0.28571428571428575,0.28571428571428575,Sample,A,LAK,1.5235,40,NA
54,As75,3.0000000000000004,3.0000000000000004,Sample,A,LAK,1.5235,40,NA
54,Cr52,0.6428571428571429,0.6428571428571429,Sample,A,LAK,1.5235,40,NA
54,Cd111,5.500000000000001,5.500000000000001,Sample,A,LAK,1.5235,40,NA
54,Cd114,1.5000000000000002,1.5000000000000002,Sample,A,LAK,1.5235,40,NA
55,Cd114,8,8,Sample,MB,LAK,0,45,NA
55,Pb208,5.8,5.8,Sample,MB,LAK,0,45,NA
55,Cd111,115.4,115.4,Sample,MB,LAK,0,45,NA
55,Cr52,4.4,4.4,Sample,MB,LAK,0,45,NA
55,Cr53,3.4,3.4,Sample,MB,LAK,0,45,NA
55,As75,8.4,8.4,Sample,MB,LAK,0,45,NA
56,Cr53,0.5625,0.5625,Sample,A,AVM,1.5375,47,NA
56,Cr52,1.625,1.625,Sample,A,AVM,1.5375,47,NA
56,Pb208,2.9999999999999996,2.9999999999999996,Sample,A,AVM,1.5375,47,NA
56,As75,0.25,0.25,Sample,A,AVM,1.5375,47,NA
56,Cd111,10,10,Sample,A,AVM,1.5375,47,NA
56,Cd114,1.6875,1.6875,Sample,A,AVM,1.5375,47,NA
57,Cd111,4,4,Sample,QC,AVM,1.5167,45,NA
57,Cr52,2.75,2.75,Sample,QC,AVM,1.5167,45,NA
57,Cr53,1.4999999999999998,1.4999999999999998,Sample,QC,AVM,1.5167,45,NA
57,As75,3.25,3.25,Sample,QC,AVM,1.5167,45,NA
57,Cd114,1.4999999999999998,1.4999999999999998,Sample,QC,AVM,1.5167,45,NA
57,Pb208,2.5,2.5,Sample,QC,AVM,1.5167,45,NA
58,As75,1.1333333333333333,1.1333333333333333,Sample,B,SS,1.5363,42.5,NA
58,Cd111,6.8,6.8,Sample,B,SS,1.5363,42.5,NA
58,Cr52,0.4666666666666666,0.4666666666666666,Sample,B,SS,1.5363,42.5,NA
58,Cr53,0.6,0.6,Sample,B,SS,1.5363,42.5,NA
58,Cd114,0.7333333333333334,0.7333333333333334,Sample,B,SS,1.5363,42.5,NA
58,Pb208,0.4666666666666666,0.4666666666666666,Sample,B,SS,1.5363,42.5,NA
59,Cr52,0.8,0.8,Sample,QC,SS,1.5578,42.8,NA
59,Cr53,0.6,0.6,Sample,QC,SS,1.5578,42.8,NA
59,As75,0.8,0.8,Sample,QC,SS,1.5578,42.8,NA
59,Cd111,3.2,3.2,Sample,QC,SS,1.5578,42.8,NA
59,Cd114,0.6,0.6,Sample,QC,SS,1.5578,42.8,NA
59,Pb208,1.4,1.4,Sample,QC,SS,1.5578,42.8,NA
6,Cd114,1.952473806308306,1.952473806308306,Sample,C,MRMJ,1.5009,45,NA
6,Cr53,0.3995714136562971,0.3995714136562971,Sample,C,MRMJ,1.5009,45,NA
6,As75,2.0183223891966695,2.0183223891966695,Sample,C,MRMJ,1.5009,45,NA
6,Cr52,0.43994997543532754,0.43994997543532754,Sample,C,MRMJ,1.5009,45,NA
6,Pb208,1.0054033036918348,1.0054033036918348,Sample,C,MRMJ,1.5009,45,NA
6,Cd111,6.823656924815528,6.823656924815528,Sample,C,MRMJ,1.5009,45,NA
65,As75,1.7488738846562752,1.7488738846562752,Cal1,NA,NA,NA,NA,0
65,Cd114,4.277941347026243,4.277941347026243,Cal1,NA,NA,NA,NA,0
65,Cr53,4.0119169788386175,4.0119169788386175,Cal1,NA,NA,NA,NA,0
65,Pb208,0.8339813768737249,0.8339813768737249,Cal1,NA,NA,NA,NA,0
65,Cd111,17.139305786094337,17.139305786094337,Cal1,NA,NA,NA,NA,0
65,Cr52,4.026985375863114,4.026985375863114,Cal1,NA,NA,NA,NA,0
66,As75,0.3739639684664476,0.3739639684664476,Cal1,NA,NA,NA,NA,0.5
66,Cr52,0.8804956313427611,0.8804956313427611,Cal1,NA,NA,NA,NA,0.5
66,Cd114,0.32704100074365794,0.32704100074365794,Cal1,NA,NA,NA,NA,0.5
66,Cd111,1.1909513468307673,1.1909513468307673,Cal1,NA,NA,NA,NA,0.5
66,Cr53,0.5849032616414482,0.5849032616414482,Cal1,NA,NA,NA,NA,0.5
66,Pb208,0.8446128587838236,0.8446128587838236,Cal1,NA,NA,NA,NA,0.5
67,Cd114,0.9221669739604049,0.9221669739604049,Cal1,NA,NA,NA,NA,1
67,Pb208,9.150319340927245,9.150319340927245,Cal1,NA,NA,NA,NA,1
67,As75,3.7674862190952845,3.7674862190952845,Cal1,NA,NA,NA,NA,1
67,Cd111,1.699162914017532,1.699162914017532,Cal1,NA,NA,NA,NA,1
67,Cr53,1.8727337067955077,1.8727337067955077,Cal1,NA,NA,NA,NA,1
67,Cr52,1.4822817617041688,1.4822817617041688,Cal1,NA,NA,NA,NA,1
68,Cr53,1.4883657725600872,1.4883657725600872,Cal1,NA,NA,NA,NA,2
68,Cd114,0.9519464695775142,0.9519464695775142,Cal1,NA,NA,NA,NA,2
68,Pb208,3.9909433899926574,3.9909433899926574,Cal1,NA,NA,NA,NA,2
68,Cr52,1.7685440680940787,1.7685440680940787,Cal1,NA,NA,NA,NA,2
68,Cd111,3.658471624641444,3.658471624641444,Cal1,NA,NA,NA,NA,2
68,As75,1.9828965226471311,1.9828965226471311,Cal1,NA,NA,NA,NA,2
69,Cr53,0.9288725392305069,0.9288725392305069,Cal1,NA,NA,NA,NA,5
69,Cd114,0.18043704398558005,0.18043704398558005,Cal1,NA,NA,NA,NA,5
69,Pb208,1.7703368223265423,1.7703368223265423,Cal1,NA,NA,NA,NA,5
69,Cr52,0.6232889606271077,0.6232889606271077,Cal1,NA,NA,NA,NA,5
69,As75,1.398981148895146,1.398981148895146,Cal1,NA,NA,NA,NA,5
69,Cd111,0.9271151620337189,0.9271151620337189,Cal1,NA,NA,NA,NA,5
7,Cd111,106.42522280842033,106.42522280842033,Sample,MB,MRMJ,0,45,NA
7,Pb208,55.825936290660096,55.825936290660096,Sample,MB,MRMJ,0,45,NA
7,As75,2.662495347891392,2.662495347891392,Sample,MB,MRMJ,0,45,NA
7,Cr53,5.247522407942761,5.247522407942761,Sample,MB,MRMJ,0,45,NA
7,Cd114,36.8798382184987,36.8798382184987,Sample,MB,MRMJ,0,45,NA
7,Cr52,4.376814422783024,4.376814422783024,Sample,MB,MRMJ,0,45,NA
70,Cd114,0.13647762747546793,0.13647762747546793,Cal1,NA,NA,NA,NA,10
70,Cr53,0.5551443036345546,0.5551443036345546,Cal1,NA,NA,NA,NA,10
70,As75,0.3498305167485133,0.3498305167485133,Cal1,NA,NA,NA,NA,10
70,Pb208,0.3538504371730422,0.3538504371730422,Cal1,NA,NA,NA,NA,10
70,Cr52,0.1838876373848767,0.1838876373848767,Cal1,NA,NA,NA,NA,10
70,Cd111,1.9620180238461242,1.9620180238461242,Cal1,NA,NA,NA,NA,10
71,Cr53,0.12420670584422519,0.12420670584422519,Cal1,NA,NA,NA,NA,20
71,Cr52,0.34685877399116066,0.34685877399116066,Cal1,NA,NA,NA,NA,20
71,Cd114,0.27995531877071206,0.27995531877071206,Cal1,NA,NA,NA,NA,20
71,Cd111,0.2310750065103651,0.2310750065103651,Cal1,NA,NA,NA,NA,20
71,As75,0.5836246244390322,0.5836246244390322,Cal1,NA,NA,NA,NA,20
71,Pb208,0.9701374496313195,0.9701374496313195,Cal1,NA,NA,NA,NA,20
72,As75,0.05023591136243093,0.05023591136243093,Cal1,NA,NA,NA,NA,50
72,Cd111,0.10787487083965648,0.10787487083965648,Cal1,NA,NA,NA,NA,50
72,Pb208,0.22567873557852164,0.22567873557852164,Cal1,NA,NA,NA,NA,50
72,Cr52,0.18622814988658426,0.18622814988658426,Cal1,NA,NA,NA,NA,50
72,Cr53,0.11352539720392811,0.11352539720392811,Cal1,NA,NA,NA,NA,50
72,Cd114,0.11095007063484968,0.11095007063484968,Cal1,NA,NA,NA,NA,50
73,Cd111,0.19621770068316022,0.19621770068316022,Cal1,NA,NA,NA,NA,100
73,Cd114,0.07585301360895672,0.07585301360895672,Cal1,NA,NA,NA,NA,100
73,As75,0.19200130408099686,0.19200130408099686,Cal1,NA,NA,NA,NA,100
73,Cr53,0.05009523677617868,0.05009523677617868,Cal1,NA,NA,NA,NA,100
73,Cr52,0.26105283777843985,0.26105283777843985,Cal1,NA,NA,NA,NA,100
73,Pb208,0.17749938734475387,0.17749938734475387,Cal1,NA,NA,NA,NA,100
74,Cd114,0.09758514961138423,0.09758514961138423,Cal1,NA,NA,NA,NA,500
74,As75,0.1630129342891751,0.1630129342891751,Cal1,NA,NA,NA,NA,500
74,Cd111,0.18479364291724262,0.18479364291724262,Cal1,NA,NA,NA,NA,500
74,Pb208,0.10426302344027721,0.10426302344027721,Cal1,NA,NA,NA,NA,500
74,Cr53,0.1585449110594594,0.1585449110594594,Cal1,NA,NA,NA,NA,500
74,Cr52,0.18168326064850995,0.18168326064850995,Cal1,NA,NA,NA,NA,500
75,Cr53,0.2382702897307431,0.2382702897307431,Cal1,NA,NA,NA,NA,1000
75,As75,0.7089248088796628,0.7089248088796628,Cal1,NA,NA,NA,NA,1000
75,Cr52,0.20948643553789478,0.20948643553789478,Cal1,NA,NA,NA,NA,1000
75,Cd114,0.20853862693791178,0.20853862693791178,Cal1,NA,NA,NA,NA,1000
75,Pb208,0.24785838635491975,0.24785838635491975,Cal1,NA,NA,NA,NA,1000
75,Cd111,0.4620702686336943,0.4620702686336943,Cal1,NA,NA,NA,NA,1000
76,Cr52,4.02970297029703,4.02970297029703,Cal2,NA,NA,NA,NA,0
76,Cr53,4.00990099009901,4.00990099009901,Cal2,NA,NA,NA,NA,0
76,Cd114,4.2772277227722775,4.2772277227722775,Cal2,NA,NA,NA,NA,0
76,As75,1.7524752475247525,1.7524752475247525,Cal2,NA,NA,NA,NA,0
76,Pb208,0.8316831683168318,0.8316831683168318,Cal2,NA,NA,NA,NA,0
76,Cd111,17.14851485148515,17.14851485148515,Cal2,NA,NA,NA,NA,0
77,Cd114,0.3181818181818181,0.3181818181818181,Cal2,NA,NA,NA,NA,0.5
77,Cd111,1.2045454545454544,1.2045454545454544,Cal2,NA,NA,NA,NA,0.5
77,Pb208,0.8409090909090908,0.8409090909090908,Cal2,NA,NA,NA,NA,0.5
77,As75,0.3863636363636363,0.3863636363636363,Cal2,NA,NA,NA,NA,0.5
77,Cr52,0.8863636363636362,0.8863636363636362,Cal2,NA,NA,NA,NA,0.5
77,Cr53,0.5909090909090908,0.5909090909090908,Cal2,NA,NA,NA,NA,0.5
78,Cd111,1.4999999999999998,1.4999999999999998,Cal2,NA,NA,NA,NA,1
78,Cr52,1.25,1.25,Cal2,NA,NA,NA,NA,1
78,Cr53,1.7499999999999998,1.7499999999999998,Cal2,NA,NA,NA,NA,1
78,As75,3.4999999999999996,3.4999999999999996,Cal2,NA,NA,NA,NA,1
78,Cd114,0.7499999999999999,0.7499999999999999,Cal2,NA,NA,NA,NA,1
78,Pb208,8.249999999999998,8.249999999999998,Cal2,NA,NA,NA,NA,1
79,Cd114,1,1,Cal2,NA,NA,NA,NA,2
79,Cd111,3.75,3.75,Cal2,NA,NA,NA,NA,2
79,Pb208,4.124999999999999,4.124999999999999,Cal2,NA,NA,NA,NA,2
79,As75,2,2,Cal2,NA,NA,NA,NA,2
79,Cr52,1.7499999999999998,1.7499999999999998,Cal2,NA,NA,NA,NA,2
79,Cr53,1.4999999999999998,1.4999999999999998,Cal2,NA,NA,NA,NA,2
8,Pb208,0.49314716002349623,0.49314716002349623,Sample,E,ARG,1.5423,50,NA
8,Cr52,0.44406668287492024,0.44406668287492024,Sample,E,ARG,1.5423,50,NA
8,Cr53,0.0862769549504175,0.0862769549504175,Sample,E,ARG,1.5423,50,NA
8,As75,0.4740784271165505,0.4740784271165505,Sample,E,ARG,1.5423,50,NA
8,Cd114,0.6495283844973088,0.6495283844973088,Sample,E,ARG,1.5423,50,NA
8,Cd111,9.329453387505348,9.329453387505348,Sample,E,ARG,1.5423,50,NA
80,Cr53,0.9333333333333332,0.9333333333333332,Cal2,NA,NA,NA,NA,5
80,As75,1.4000000000000001,1.4000000000000001,Cal2,NA,NA,NA,NA,5
80,Cd114,0.19999999999999998,0.19999999999999998,Cal2,NA,NA,NA,NA,5
80,Pb208,1.8,1.8,Cal2,NA,NA,NA,NA,5
80,Cr52,0.6,0.6,Cal2,NA,NA,NA,NA,5
80,Cd111,0.9333333333333332,0.9333333333333332,Cal2,NA,NA,NA,NA,5
81,Cr52,0.16666666666666669,0.16666666666666669,Cal2,NA,NA,NA,NA,10
81,Cr53,0.5833333333333334,0.5833333333333334,Cal2,NA,NA,NA,NA,10
81,As75,0.33333333333333337,0.33333333333333337,Cal2,NA,NA,NA,NA,10
81,Cd111,1.9166666666666665,1.9166666666666665,Cal2,NA,NA,NA,NA,10
81,Cd114,0.16666666666666669,0.16666666666666669,Cal2,NA,NA,NA,NA,10
81,Pb208,0.33333333333333337,0.33333333333333337,Cal2,NA,NA,NA,NA,10
82,As75,0.5714285714285714,0.5714285714285714,Cal2,NA,NA,NA,NA,20
82,Cr53,0.14285714285714285,0.14285714285714285,Cal2,NA,NA,NA,NA,20
82,Pb208,1,1,Cal2,NA,NA,NA,NA,20
82,Cd111,0.23809523809523808,0.23809523809523808,Cal2,NA,NA,NA,NA,20
82,Cr52,0.3333333333333333,0.3333333333333333,Cal2,NA,NA,NA,NA,20
82,Cd114,0.2857142857142857,0.2857142857142857,Cal2,NA,NA,NA,NA,20
83,Cr52,0.18367346938775508,0.18367346938775508,Cal2,NA,NA,NA,NA,50
83,Cr53,0.12244897959183672,0.12244897959183672,Cal2,NA,NA,NA,NA,50
83,As75,0.04081632653061224,0.04081632653061224,Cal2,NA,NA,NA,NA,50
83,Cd114,0.1020408163265306,0.1020408163265306,Cal2,NA,NA,NA,NA,50
83,Pb208,0.22448979591836735,0.22448979591836735,Cal2,NA,NA,NA,NA,50
83,Cd111,0.1020408163265306,0.1020408163265306,Cal2,NA,NA,NA,NA,50
84,Cd111,0.19999999999999998,0.19999999999999998,Cal2,NA,NA,NA,NA,100
84,As75,0.19999999999999998,0.19999999999999998,Cal2,NA,NA,NA,NA,100
84,Pb208,0.16666666666666666,0.16666666666666666,Cal2,NA,NA,NA,NA,100
84,Cd114,0.06666666666666667,0.06666666666666667,Cal2,NA,NA,NA,NA,100
84,Cr52,0.26666666666666666,0.26666666666666666,Cal2,NA,NA,NA,NA,100
84,Cr53,0.03333333333333333,0.03333333333333333,Cal2,NA,NA,NA,NA,100
85,Cr52,0.17777777777777778,0.17777777777777778,Cal2,NA,NA,NA,NA,500
85,Cr53,0.15555555555555556,0.15555555555555556,Cal2,NA,NA,NA,NA,500
85,As75,0.15555555555555556,0.15555555555555556,Cal2,NA,NA,NA,NA,500
85,Cd111,0.17777777777777778,0.17777777777777778,Cal2,NA,NA,NA,NA,500
85,Cd114,0.08888888888888889,0.08888888888888889,Cal2,NA,NA,NA,NA,500
85,Pb208,0.1111111111111111,0.1111111111111111,Cal2,NA,NA,NA,NA,500
86,Pb208,0.3,0.3,Cal2,NA,NA,NA,NA,1000
86,Cd114,0.2,0.2,Cal2,NA,NA,NA,NA,1000
86,Cr52,0.2,0.2,Cal2,NA,NA,NA,NA,1000
86,Cr53,0.2,0.2,Cal2,NA,NA,NA,NA,1000
86,Cd111,0.5,0.5,Cal2,NA,NA,NA,NA,1000
86,As75,0.7,0.7,Cal2,NA,NA,NA,NA,1000
87,Cr53,4.00990099009901,4.00990099009901,Cal3,NA,NA,NA,NA,0
87,Pb208,0.8316831683168318,0.8316831683168318,Cal3,NA,NA,NA,NA,0
87,As75,1.7524752475247525,1.7524752475247525,Cal3,NA,NA,NA,NA,0
87,Cd111,17.14851485148515,17.14851485148515,Cal3,NA,NA,NA,NA,0
87,Cd114,4.2772277227722775,4.2772277227722775,Cal3,NA,NA,NA,NA,0
87,Cr52,4.02970297029703,4.02970297029703,Cal3,NA,NA,NA,NA,0
88,Cr52,0.8863636363636362,0.8863636363636362,Cal3,NA,NA,NA,NA,0.5
88,Cr53,0.5909090909090908,0.5909090909090908,Cal3,NA,NA,NA,NA,0.5
88,As75,0.3863636363636363,0.3863636363636363,Cal3,NA,NA,NA,NA,0.5
88,Cd111,1.2045454545454544,1.2045454545454544,Cal3,NA,NA,NA,NA,0.5
88,Cd114,0.3181818181818181,0.3181818181818181,Cal3,NA,NA,NA,NA,0.5
88,Pb208,0.8409090909090908,0.8409090909090908,Cal3,NA,NA,NA,NA,0.5
89,Cr53,1.7499999999999998,1.7499999999999998,Cal3,NA,NA,NA,NA,1
89,As75,3.4999999999999996,3.4999999999999996,Cal3,NA,NA,NA,NA,1
89,Pb208,8.249999999999998,8.249999999999998,Cal3,NA,NA,NA,NA,1
89,Cd111,1.4999999999999998,1.4999999999999998,Cal3,NA,NA,NA,NA,1
89,Cd114,0.7499999999999999,0.7499999999999999,Cal3,NA,NA,NA,NA,1
89,Cr52,1.25,1.25,Cal3,NA,NA,NA,NA,1
9,Cr52,1.4835845417894362,1.4835845417894362,Sample,MB,ARG,0,50,NA
9,Cr53,1.3005711523103536,1.3005711523103536,Sample,MB,ARG,0,50,NA
9,Cd111,18.74298507817501,18.74298507817501,Sample,MB,ARG,0,50,NA
9,Cd114,1.2538265178834194,1.2538265178834194,Sample,MB,ARG,0,50,NA
9,Pb208,1.8124098103162205,1.8124098103162205,Sample,MB,ARG,0,50,NA
9,As75,4.848607671894935,4.848607671894935,Sample,MB,ARG,0,50,NA
90,Cr52,1.7499999999999998,1.7499999999999998,Cal3,NA,NA,NA,NA,2
90,Cd114,1,1,Cal3,NA,NA,NA,NA,2
90,Cr53,1.4999999999999998,1.4999999999999998,Cal3,NA,NA,NA,NA,2
90,As75,2,2,Cal3,NA,NA,NA,NA,2
90,Cd111,3.75,3.75,Cal3,NA,NA,NA,NA,2
90,Pb208,4.124999999999999,4.124999999999999,Cal3,NA,NA,NA,NA,2
91,As75,1.4000000000000001,1.4000000000000001,Cal3,NA,NA,NA,NA,5
91,Cd111,0.9333333333333332,0.9333333333333332,Cal3,NA,NA,NA,NA,5
91,Pb208,1.8,1.8,Cal3,NA,NA,NA,NA,5
91,Cr53,0.9333333333333332,0.9333333333333332,Cal3,NA,NA,NA,NA,5
91,Cd114,0.19999999999999998,0.19999999999999998,Cal3,NA,NA,NA,NA,5
91,Cr52,0.6,0.6,Cal3,NA,NA,NA,NA,5
92,Cr53,0.5833333333333334,0.5833333333333334,Cal3,NA,NA,NA,NA,10
92,Cr52,0.16666666666666669,0.16666666666666669,Cal3,NA,NA,NA,NA,10
92,Pb208,0.33333333333333337,0.33333333333333337,Cal3,NA,NA,NA,NA,10
92,As75,0.33333333333333337,0.33333333333333337,Cal3,NA,NA,NA,NA,10
92,Cd111,1.9166666666666665,1.9166666666666665,Cal3,NA,NA,NA,NA,10
92,Cd114,0.16666666666666669,0.16666666666666669,Cal3,NA,NA,NA,NA,10
93,Cd114,0.2857142857142857,0.2857142857142857,Cal3,NA,NA,NA,NA,20
93,Pb208,1,1,Cal3,NA,NA,NA,NA,20
93,Cr52,0.3333333333333333,0.3333333333333333,Cal3,NA,NA,NA,NA,20
93,Cr53,0.14285714285714285,0.14285714285714285,Cal3,NA,NA,NA,NA,20
93,As75,0.5714285714285714,0.5714285714285714,Cal3,NA,NA,NA,NA,20
93,Cd111,0.23809523809523808,0.23809523809523808,Cal3,NA,NA,NA,NA,20
94,Cr52,0.18367346938775508,0.18367346938775508,Cal3,NA,NA,NA,NA,50
94,Cr53,0.12244897959183672,0.12244897959183672,Cal3,NA,NA,NA,NA,50
94,As75,0.04081632653061224,0.04081632653061224,Cal3,NA,NA,NA,NA,50
94,Cd111,0.1020408163265306,0.1020408163265306,Cal3,NA,NA,NA,NA,50
94,Cd114,0.1020408163265306,0.1020408163265306,Cal3,NA,NA,NA,NA,50
94,Pb208,0.22448979591836735,0.22448979591836735,Cal3,NA,NA,NA,NA,50
95,Cr52,0.26666666666666666,0.26666666666666666,Cal3,NA,NA,NA,NA,100
95,Cr53,0.03333333333333333,0.03333333333333333,Cal3,NA,NA,NA,NA,100
95,Pb208,0.16666666666666666,0.16666666666666666,Cal3,NA,NA,NA,NA,100
95,As75,0.19999999999999998,0.19999999999999998,Cal3,NA,NA,NA,NA,100
95,Cd111,0.19999999999999998,0.19999999999999998,Cal3,NA,NA,NA,NA,100
95,Cd114,0.06666666666666667,0.06666666666666667,Cal3,NA,NA,NA,NA,100
96,Cr52,0.17777777777777778,0.17777777777777778,Cal3,NA,NA,NA,NA,500
96,Cd114,0.08888888888888889,0.08888888888888889,Cal3,NA,NA,NA,NA,500
96,Cr53,0.15555555555555556,0.15555555555555556,Cal3,NA,NA,NA,NA,500
96,As75,0.15555555555555556,0.15555555555555556,Cal3,NA,NA,NA,NA,500
96,Cd111,0.17777777777777778,0.17777777777777778,Cal3,NA,NA,NA,NA,500
96,Pb208,0.1111111111111111,0.1111111111111111,Cal3,NA,NA,NA,NA,500
97,As75,0.7,0.7,Cal3,NA,NA,NA,NA,1000
97,Cr52,0.2,0.2,Cal3,NA,NA,NA,NA,1000
97,Cr53,0.2,0.2,Cal3,NA,NA,NA,NA,1000
97,Pb208,0.3,0.3,Cal3,NA,NA,NA,NA,1000
97,Cd111,0.5,0.5,Cal3,NA,NA,NA,NA,1000
97,Cd114,0.2,0.2,Cal3,NA,NA,NA,NA,1000
